"Symbol","Series","Date","Prev Close","Open Price","High Price","Low Price","Last Price","Close Price","Average Price","Total Traded Quantity","Turnover","No. of Trades","Deliverable Qty","% Dly Qt to Traded Qty"
"YESBANK","EQ","05-Mar-2018","        321.05","        318.50","        319.00","        311.15","        313.50","        312.95","        313.63","    7973146","          2500595387.35","     106273","    3068497","         38.49"
"YESBANK","EQ","06-Mar-2018","        312.95","        317.00","        320.50","        309.85","        310.90","        312.15","        316.43","    8299126","          2626120281.25","      82913","    2915689","         35.13"
"YESBANK","EQ","07-Mar-2018","        312.15","        312.00","        314.90","        308.00","        310.00","        311.95","        312.50","    8420190","          2631345033.70","      75842","    2743797","         32.59"
"YESBANK","EQ","08-Mar-2018","        311.95","        312.30","        313.25","        294.70","        308.85","        308.55","        302.69","   24027679","          7272936318.80","     191839","    6517578","         27.13"
"YESBANK","EQ","09-Mar-2018","        308.55","        310.00","        310.95","        301.30","        302.85","        303.25","        305.75","   11596136","          3545491916.10","      97173","    4638044","         40.00"
"YESBANK","EQ","12-Mar-2018","        303.25","        305.20","        314.50","        301.35","        313.55","        311.15","        305.35","   12860205","          3926880220.60","      87721","    6327184","         49.20"
"YESBANK","EQ","13-Mar-2018","        311.15","        310.00","        315.40","        309.80","        312.60","        312.80","        312.98","   11436348","          3579361065.80","      93701","    4643254","         40.60"
"YESBANK","EQ","14-Mar-2018","        312.80","        311.80","        321.90","        308.20","        318.00","        318.85","        316.65","   12905495","          4086519583.40","     102326","    3970367","         30.76"
"YESBANK","EQ","15-Mar-2018","        318.85","        318.95","        321.00","        310.85","        312.00","        311.85","        314.89","    9999620","          3148752607.25","      79169","    3235122","         32.35"
"YESBANK","EQ","16-Mar-2018","        311.85","        312.40","        316.85","        310.00","        314.50","        312.90","        313.89","   17094363","          5365790836.25","     158616","   10667055","         62.40"
"YESBANK","EQ","19-Mar-2018","        312.90","        316.00","        316.50","        302.50","        304.60","        304.80","        307.85","   11267355","          3468609591.10","     117081","    4093389","         36.33"
"YESBANK","EQ","20-Mar-2018","        304.80","        303.00","        305.80","        299.70","        303.00","        302.40","        303.19","    9874137","          2993742665.65","     111797","    4025479","         40.77"
"YESBANK","EQ","21-Mar-2018","        302.40","        305.00","        309.05","        300.05","        300.90","        300.75","        304.82","   13383435","          4079472477.45","     135540","    5721176","         42.75"
"YESBANK","EQ","22-Mar-2018","        300.75","        301.80","        303.70","        295.75","        297.40","        298.25","        299.70","   19356591","          5801194388.90","     141530","   10269368","         53.05"
"YESBANK","EQ","23-Mar-2018","        298.25","        293.00","        293.05","        285.00","        287.40","        286.65","        287.37","   21617995","          6212282233.60","     203264","   11297742","         52.26"
"YESBANK","EQ","26-Mar-2018","        286.65","        286.50","        304.90","        286.00","        304.85","        303.35","        295.58","   24240033","          7164931658.15","     219153","    9588163","         39.56"
"YESBANK","EQ","27-Mar-2018","        303.35","        307.00","        309.25","        300.70","        303.35","        303.50","        304.68","   15267419","          4651682305.55","     148789","    4947253","         32.40"
"YESBANK","EQ","28-Mar-2018","        303.50","        300.15","        307.50","        299.10","        306.05","        304.85","        303.28","   14952643","          4534790899.00","     146755","    7148120","         47.81"
"YESBANK","EQ","02-Apr-2018","        304.85","        307.00","        308.50","        303.60","        306.80","        306.25","        305.73","    8844027","          2703919698.25","     100756","    3176874","         35.92"
"YESBANK","EQ","03-Apr-2018","        306.25","        306.45","        314.20","        304.00","        313.00","        313.10","        312.00","   10392997","          3242568660.95","      92925","    3791311","         36.48"
"YESBANK","EQ","04-Apr-2018","        313.10","        313.00","        320.00","        304.00","        305.00","        305.45","        313.56","   13516525","          4238175546.40","     134734","    4730167","         35.00"
"YESBANK","EQ","05-Apr-2018","        305.45","        311.80","        315.60","        307.80","        314.70","        313.05","        311.52","   11449637","          3566815480.80","      77410","    3908889","         34.14"
"YESBANK","EQ","06-Apr-2018","        313.05","        314.70","        316.00","        311.60","        313.60","        314.50","        314.01","    8598435","          2700035729.40","      85332","    2878820","         33.48"
"YESBANK","EQ","09-Apr-2018","        314.50","        316.00","        319.90","        314.40","        315.80","        316.25","        316.93","   14002415","          4437841902.45","     100138","    7810227","         55.78"
"YESBANK","EQ","10-Apr-2018","        316.25","        320.10","        320.50","        315.00","        319.25","        319.25","        317.82","    9976629","          3170781256.20","      95452","    4118794","         41.28"
"YESBANK","EQ","11-Apr-2018","        319.25","        320.00","        320.00","        310.50","        312.40","        312.00","        314.17","    9921987","          3117208181.05","      76261","    4110856","         41.43"
"YESBANK","EQ","12-Apr-2018","        312.00","        312.20","        313.35","        308.00","        312.20","        311.75","        310.62","   11359462","          3528481395.40","     121034","    5119414","         45.07"
"YESBANK","EQ","13-Apr-2018","        311.75","        312.60","        314.45","        305.70","        310.00","        309.55","        311.24","   12849690","          3999379330.40","     101167","    6277664","         48.85"
"YESBANK","EQ","16-Apr-2018","        309.55","        307.00","        311.10","        306.45","        310.85","        310.35","        308.46","   10808237","          3333921180.60","      82436","    5955096","         55.10"
"YESBANK","EQ","17-Apr-2018","        310.35","        311.90","        313.35","        307.25","        308.40","        307.90","        309.96","   12509310","          3877347752.15","     118506","    6859334","         54.83"
"YESBANK","EQ","18-Apr-2018","        307.90","        311.00","        313.70","        308.75","        309.50","        309.55","        311.25","   11323144","          3524331092.15","     101512","    5011135","         44.26"
"YESBANK","EQ","19-Apr-2018","        309.55","        311.00","        319.50","        309.00","        318.50","        318.50","        315.07","   13498117","          4252867410.80","     108731","    5457985","         40.44"
"YESBANK","EQ","20-Apr-2018","        318.50","        317.70","        317.70","        306.05","        309.00","        308.55","        309.87","   21800867","          6755476103.80","     179286","   12473181","         57.21"
"YESBANK","EQ","23-Apr-2018","        308.55","        310.90","        317.00","        309.00","        314.00","        313.05","        314.33","   10927239","          3434809173.40","     102364","    3162197","         28.94"
"YESBANK","EQ","24-Apr-2018","        313.05","        314.00","        328.80","        314.00","        324.15","        324.00","        323.55","   24392058","          7892048785.15","     175624","    6759668","         27.71"
"YESBANK","EQ","25-Apr-2018","        324.00","        323.75","        328.50","        317.45","        325.15","        325.25","        324.53","   15370686","          4988248223.60","     116264","    3546440","         23.07"
"YESBANK","EQ","26-Apr-2018","        325.25","        327.95","        360.25","        323.60","        358.15","        352.40","        341.22","   62364794","         21280346760.30","     378197","   13109762","         21.02"
"YESBANK","EQ","27-Apr-2018","        352.40","        365.00","        369.00","        345.10","        348.65","        348.90","        355.21","   52230752","         18552856657.00","     400840","   14529410","         27.82"
"YESBANK","EQ","30-Apr-2018","        348.90","        350.90","        367.20","        350.30","        360.95","        362.00","        361.10","   28400085","         10255352529.45","     212276","    4431734","         15.60"
"YESBANK","EQ","02-May-2018","        362.00","        361.95","        364.70","        351.70","        354.00","        354.25","        357.51","   13058846","          4668690965.50","     185687","    4866850","         37.27"
"YESBANK","EQ","03-May-2018","        354.25","        354.00","        359.25","        346.50","        353.45","        353.95","        352.54","   15431044","          5440054297.40","     174195","    4117106","         26.68"
"YESBANK","EQ","04-May-2018","        353.95","        354.50","        357.75","        344.20","        345.65","        345.10","        349.14","   12241946","          4274194119.10","     106283","    3768563","         30.78"
"YESBANK","EQ","07-May-2018","        345.10","        347.80","        350.00","        342.65","        348.00","        347.90","        347.45","    6781161","          2356139151.50","      83407","    1442011","         21.26"
"YESBANK","EQ","08-May-2018","        347.90","        350.00","        353.95","        340.50","        344.05","        343.30","        346.57","   11670852","          4044809126.90","     110666","    3022367","         25.90"
"YESBANK","EQ","09-May-2018","        343.30","        344.45","        349.75","        343.20","        348.15","        347.85","        347.29","    9802803","          3404399971.25","      79592","    3516144","         35.87"
"YESBANK","EQ","10-May-2018","        347.85","        350.95","        350.95","        342.65","        343.20","        344.65","        346.85","    7330619","          2542609160.80","      63069","    1781625","         24.30"
"YESBANK","EQ","11-May-2018","        344.65","        346.50","        351.80","        341.80","        348.70","        350.25","        347.02","    7642090","          2651929608.20","      76097","    2162713","         28.30"
"YESBANK","EQ","14-May-2018","        350.25","        350.80","        353.80","        343.10","        345.00","        344.80","        348.02","    7468232","          2599094320.90","      54504","    1865999","         24.99"
"YESBANK","EQ","15-May-2018","        344.80","        346.00","        354.60","        343.60","        345.55","        345.75","        349.79","   12805393","          4479249021.25","     164845","    3272351","         25.55"
"YESBANK","EQ","16-May-2018","        345.75","        344.00","        356.45","        342.00","        349.55","        349.75","        349.83","   12708109","          4445662706.95","     115675","    3085777","         24.28"
"YESBANK","EQ","17-May-2018","        349.75","        351.50","        352.00","        344.00","        345.25","        345.30","        347.24","    6702419","          2327363165.15","      71977","    2198288","         32.80"
"YESBANK","EQ","18-May-2018","        345.30","        346.50","        348.80","        343.10","        346.00","        345.50","        345.93","    8938377","          3092076062.35","      84820","    3147759","         35.22"
"YESBANK","EQ","21-May-2018","        345.50","        346.00","        349.20","        333.05","        334.10","        334.15","        339.23","    8748958","          2967937649.30","      76072","    2248714","         25.70"
"YESBANK","EQ","22-May-2018","        334.15","        334.10","        340.75","        331.00","        334.50","        334.70","        334.81","   10869535","          3639254467.15","      88016","    3878189","         35.68"
"YESBANK","EQ","23-May-2018","        334.70","        335.00","        338.75","        331.50","        333.50","        333.70","        335.01","    7738850","          2592587049.95","      85619","    2524324","         32.62"
"YESBANK","EQ","24-May-2018","        333.70","        336.70","        337.00","        325.60","        331.85","        330.00","        331.80","    8077461","          2680095994.35","      67734","    2578318","         31.92"
"YESBANK","EQ","25-May-2018","        330.00","        333.00","        341.90","        332.00","        341.35","        339.40","        336.51","    6957024","          2341074875.40","      82818","    1577611","         22.68"
"YESBANK","EQ","28-May-2018","        339.40","        341.50","        348.25","        340.75","        344.60","        345.20","        344.85","    8982939","          3097757130.20","      89311","    3816239","         42.48"
"YESBANK","EQ","29-May-2018","        345.20","        344.40","        345.90","        335.10","        338.35","        338.05","        340.22","    7870400","          2677634023.00","      90210","    2847660","         36.18"
"YESBANK","EQ","30-May-2018","        338.05","        335.75","        344.00","        332.65","        343.90","        343.15","        340.26","   10036644","          3415067375.40","     118387","    3133451","         31.22"
"YESBANK","EQ","31-May-2018","        343.15","        345.40","        349.40","        338.00","        346.35","        346.20","        343.67","   17910411","          6155329938.40","     170815","    8056699","         44.98"
"YESBANK","EQ","01-Jun-2018","        346.20","        347.00","        348.70","        340.25","        342.65","        342.70","        343.89","    9470256","          3256722182.85","     108594","    4171644","         44.05"
"YESBANK","EQ","04-Jun-2018","        342.70","        343.90","        350.90","        342.00","        343.00","        342.95","        346.17","   14501600","          5020037022.75","     140585","    5678574","         39.16"
"YESBANK","EQ","05-Jun-2018","        342.95","        342.50","        342.75","        333.65","        336.75","        336.75","        337.10","    8492155","          2862703318.90","      87287","    2842218","         33.47"
"YESBANK","EQ","06-Jun-2018","        336.75","        337.95","        340.55","        332.55","        339.00","        339.15","        337.05","    8211104","          2767537944.35","     105210","    1837789","         22.38"
"YESBANK","EQ","07-Jun-2018","        339.15","        341.20","        345.50","        338.00","        339.50","        339.55","        342.70","    9630695","          3300459990.60","      87353","    3600400","         37.38"
"YESBANK","EQ","08-Jun-2018","        339.55","        337.50","        340.25","        335.05","        337.90","        337.65","        337.37","    5851442","          1974107335.65","      58491","    1469941","         25.12"
"YESBANK","EQ","11-Jun-2018","        337.65","        338.60","        344.85","        334.70","        335.40","        335.70","        339.31","   11980621","          4065150524.25","      95201","    5595770","         46.71"
"YESBANK","EQ","12-Jun-2018","        335.70","        335.70","        337.95","        331.20","        333.40","        332.20","        334.14","    9851496","          3291783494.60","      82574","    4943411","         50.18"
"YESBANK","EQ","13-Jun-2018","        332.20","        336.90","        336.90","        331.50","        333.05","        333.20","        333.89","    7530350","          2514343126.20","      69858","    2993624","         39.75"
"YESBANK","EQ","14-Jun-2018","        333.20","        333.00","        338.35","        330.55","        336.50","        337.20","        335.03","    6819965","          2284868985.95","      59688","    1710745","         25.08"
"YESBANK","EQ","15-Jun-2018","        337.20","        333.00","        336.20","        328.65","        331.25","        330.65","        331.83","    8518379","          2826657345.25","     117709","    3866230","         45.39"
"YESBANK","EQ","18-Jun-2018","        330.65","        330.80","        333.85","        327.70","        331.60","        331.65","        331.47","    6785348","          2249127125.55","      86256","    3182548","         46.90"
"YESBANK","EQ","19-Jun-2018","        331.65","        330.95","        334.50","        328.50","        330.90","        330.90","        331.57","    8566372","          2840390692.95","      81995","    4464304","         52.11"
"YESBANK","EQ","20-Jun-2018","        330.90","        331.90","        337.00","        331.40","        335.60","        336.10","        335.12","    7720519","          2587300700.15","      86050","    2748257","         35.60"
"YESBANK","EQ","21-Jun-2018","        336.10","        336.80","        337.60","        331.20","        333.20","        332.95","        334.13","    5133865","          1715360336.60","      68151","    1877903","         36.58"
"YESBANK","EQ","22-Jun-2018","        332.95","        333.60","        335.70","        329.50","        334.75","        335.10","        332.49","    6006046","          1996954585.15","      77611","    2758146","         45.92"
"YESBANK","EQ","25-Jun-2018","        335.10","        334.75","        338.95","        332.90","        333.30","        334.15","        336.04","    5792052","          1946346790.55","      69200","    2025577","         34.97"
"YESBANK","EQ","26-Jun-2018","        334.15","        333.10","        337.75","        332.05","        335.60","        335.95","        335.40","    4706265","          1578489111.50","      51633","    1460576","         31.03"
"YESBANK","EQ","27-Jun-2018","        335.95","        336.00","        337.75","        331.05","        334.40","        335.60","        334.57","    6930662","          2318785094.85","      81792","    3176378","         45.83"
"YESBANK","EQ","28-Jun-2018","        335.60","        336.40","        336.40","        327.30","        329.05","        329.30","        330.86","    8130250","          2689940923.30","     102709","    2914279","         35.84"
"YESBANK","EQ","29-Jun-2018","        329.30","        330.70","        341.75","        329.65","        339.20","        339.65","        336.86","    8963268","          3019347593.85","      92493","    3481580","         38.84"
"YESBANK","EQ","02-Jul-2018","        339.65","        338.05","        341.70","        332.35","        337.00","        337.05","        336.02","    8091469","          2718906644.50","      91962","    3069412","         37.93"
"YESBANK","EQ","03-Jul-2018","        337.05","        337.70","        340.50","        335.30","        337.05","        336.90","        337.78","    4998778","          1688470106.45","      97773","    1434867","         28.70"
"YESBANK","EQ","04-Jul-2018","        336.90","        337.00","        337.50","        332.50","        335.60","        335.55","        334.77","    4507001","          1508830069.35","      56859","    1446249","         32.09"
"YESBANK","EQ","05-Jul-2018","        335.55","        338.75","        350.80","        338.60","        348.60","        348.65","        346.28","   21239763","          7354863367.50","     160360","    4647479","         21.88"
"YESBANK","EQ","06-Jul-2018","        348.65","        348.30","        357.70","        347.00","        351.65","        352.60","        353.52","   17790500","          6289284503.05","     166942","    6328540","         35.57"
"YESBANK","EQ","09-Jul-2018","        352.60","        356.10","        366.90","        355.00","        362.85","        363.30","        362.54","   16834621","          6103200032.80","     169220","    5266237","         31.28"
"YESBANK","EQ","10-Jul-2018","        363.30","        363.90","        373.10","        360.00","        372.90","        371.40","        367.88","   20404168","          7506299031.50","     195311","    8086602","         39.63"
"YESBANK","EQ","11-Jul-2018","        371.40","        370.95","        373.35","        367.45","        370.60","        371.60","        370.45","    9423127","          3490812189.20","     125244","    2389203","         25.35"
"YESBANK","EQ","12-Jul-2018","        371.60","        372.50","        385.00","        372.50","        373.50","        374.80","        379.74","   17868601","          6785499081.50","     154266","    3879807","         21.71"
"YESBANK","EQ","13-Jul-2018","        374.80","        376.90","        380.30","        367.30","        376.90","        376.00","        374.38","   15448753","          5783721815.80","     149378","    4005892","         25.93"
"YESBANK","EQ","16-Jul-2018","        376.00","        376.00","        380.80","        369.60","        379.80","        378.50","        374.02","    9093938","          3401270082.40","      94410","    3329217","         36.61"
"YESBANK","EQ","17-Jul-2018","        378.50","        377.90","        385.90","        375.60","        380.10","        380.80","        381.55","   12586691","          4802493399.45","     131505","    5149213","         40.91"
"YESBANK","EQ","18-Jul-2018","        380.80","        381.90","        388.00","        378.00","        384.50","        383.65","        383.63","   10472260","          4017440767.35","      93225","    2427503","         23.18"
"YESBANK","EQ","19-Jul-2018","        383.65","        380.95","        394.35","        379.40","        392.60","        392.30","        389.81","   17050256","          6646375416.45","     168264","    7249040","         42.52"
"YESBANK","EQ","20-Jul-2018","        392.30","        391.10","        392.50","        385.30","        386.25","        386.50","        388.36","   10076070","          3913158633.25","      98847","    3070243","         30.47"
"YESBANK","EQ","23-Jul-2018","        386.50","        387.90","        392.35","        382.75","        387.65","        386.60","        386.96","    9511403","          3680549576.20","      94405","    3997776","         42.03"
"YESBANK","EQ","24-Jul-2018","        386.60","        389.20","        390.00","        382.70","        384.35","        384.35","        385.36","    9785989","          3771134199.20","      88253","    5026596","         51.37"
"YESBANK","EQ","25-Jul-2018","        384.35","        386.00","        392.70","        381.50","        383.25","        382.90","        387.76","   12467278","          4834326478.40","     111673","    4037682","         32.39"
"YESBANK","EQ","26-Jul-2018","        382.90","        385.00","        386.30","        358.55","        367.45","        369.75","        373.06","   35251243","         13150936619.45","     294017","    8166967","         23.17"
"YESBANK","EQ","27-Jul-2018","        369.75","        374.90","        374.90","        362.40","        369.80","        370.00","        368.26","   17100821","          6297487528.70","     163915","    4161354","         24.33"
"YESBANK","EQ","30-Jul-2018","        370.00","        372.00","        373.00","        365.25","        369.50","        369.30","        369.18","   11469162","          4234232671.30","     176154","    4721410","         41.17"
"YESBANK","EQ","31-Jul-2018","        369.30","        370.00","        374.70","        366.40","        367.30","        367.95","        370.48","    9734450","          3606427688.40","      98886","    3476946","         35.72"
"YESBANK","EQ","01-Aug-2018","        367.95","        369.90","        371.55","        362.00","        364.05","        365.85","        365.70","    7742871","          2831550745.50","     105511","    2844357","         36.74"
"YESBANK","EQ","02-Aug-2018","        365.85","        364.95","        365.65","        356.65","        361.80","        361.80","        360.90","    8365895","          3019271960.75","      94009","    3314215","         39.62"
"YESBANK","EQ","03-Aug-2018","        361.80","        364.00","        374.00","        364.00","        373.05","        373.20","        370.79","   10625834","          3939952301.05","      96873","    2961764","         27.87"
"YESBANK","EQ","06-Aug-2018","        373.20","        374.00","        380.70","        373.45","        377.35","        377.90","        377.63","   12018227","          4538387840.80","     124181","    4306404","         35.83"
"YESBANK","EQ","07-Aug-2018","        377.90","        380.00","        386.40","        376.50","        381.30","        381.65","        381.84","   13526041","          5164819929.20","     133116","    4516142","         33.39"
"YESBANK","EQ","08-Aug-2018","        381.65","        382.60","        385.75","        379.55","        381.75","        382.75","        383.44","    6767532","          2594969398.00","      64913","    2149910","         31.77"
"YESBANK","EQ","09-Aug-2018","        382.75","        383.50","        384.70","        377.65","        380.90","        381.05","        380.58","    5854134","          2227988917.75","      63711","    1656510","         28.30"
"YESBANK","EQ","10-Aug-2018","        381.05","        382.00","        391.00","        381.00","        382.00","        382.85","        387.62","   13916077","          5394104779.70","     123555","    2664820","         19.15"
"YESBANK","EQ","13-Aug-2018","        382.85","        379.00","        383.00","        368.30","        369.00","        370.70","        375.67","    9205915","          3458374489.25","     115130","    3685591","         40.04"
"YESBANK","EQ","14-Aug-2018","        370.70","        369.00","        384.30","        368.15","        383.50","        382.50","        377.97","   12351125","          4668398776.65","      89048","    3851466","         31.18"
"YESBANK","EQ","16-Aug-2018","        382.50","        381.20","        384.85","        374.20","        378.95","        378.45","        380.23","   11567658","          4398356276.30","     131634","    3712427","         32.09"
"YESBANK","EQ","17-Aug-2018","        378.45","        382.40","        395.65","        380.30","        394.75","        393.20","        389.55","   16094026","          6269431740.40","     160736","    5712507","         35.49"
"YESBANK","EQ","20-Aug-2018","        393.20","        396.80","        404.00","        392.55","        394.00","        394.00","        398.73","   15247130","          6079520894.00","     167906","    3498504","         22.95"
"YESBANK","EQ","21-Aug-2018","        394.00","        396.00","        397.45","        389.50","        392.00","        391.35","        392.67","    9991245","          3923219896.70","     168597","    4117742","         41.21"
"YESBANK","EQ","23-Aug-2018","        391.35","        395.25","        395.50","        383.35","        390.70","        388.60","        388.74","    9262319","          3600660670.20","     121268","    3241167","         34.99"
"YESBANK","EQ","24-Aug-2018","        388.60","        387.00","        388.70","        372.85","        374.05","        374.20","        378.84","   16301075","          6175554482.50","     151303","    6584057","         40.39"
"YESBANK","EQ","27-Aug-2018","        374.20","        378.00","        384.65","        377.00","        383.35","        383.00","        382.35","    9563369","          3656564791.65","     111846","    3160232","         33.05"
"YESBANK","EQ","28-Aug-2018","        383.00","        386.00","        386.00","        362.80","        370.60","        370.60","        371.57","   26309238","          9775748804.30","     239042","    9590138","         36.45"
"YESBANK","EQ","29-Aug-2018","        370.60","        373.65","        378.55","        362.00","        366.00","        365.15","        370.75","   30544751","         11324370673.10","     253230","   10194220","         33.37"
"YESBANK","EQ","30-Aug-2018","        365.15","        369.00","        369.00","        358.00","        360.90","        361.75","        361.21","   28157288","         10170595010.45","     234365","   12187646","         43.28"
"YESBANK","EQ","31-Aug-2018","        361.75","        343.00","        350.00","        336.25","        343.00","        343.50","        343.58","   84019022","         28867093573.45","     756758","   33828711","         40.26"
"YESBANK","EQ","03-Sep-2018","        343.50","        347.95","        348.00","        337.20","        338.30","        339.05","        343.21","   26137760","          8970860648.65","     231131","   11106969","         42.49"
"YESBANK","EQ","04-Sep-2018","        339.05","        340.75","        343.40","        332.55","        333.50","        334.05","        337.27","   22057643","          7439453003.70","     205971","    6552853","         29.71"
"YESBANK","EQ","05-Sep-2018","        334.05","        332.90","        344.90","        332.25","        344.05","        343.80","        339.18","   24809578","          8414837234.45","     200611","    8214844","         33.11"
"YESBANK","EQ","06-Sep-2018","        343.80","        346.55","        347.80","        337.90","        339.10","        339.20","        342.40","   17527530","          6001339480.75","     141838","    5111245","         29.16"
"YESBANK","EQ","07-Sep-2018","        339.20","        341.00","        341.05","        321.80","        323.65","        323.40","        327.42","   48830425","         15987938255.95","     419207","   16953864","         34.72"
"YESBANK","EQ","10-Sep-2018","        323.40","        323.65","        328.90","        316.00","        322.95","        323.65","        323.55","   43295622","         14008177104.80","     356509","   12029596","         27.78"
"YESBANK","EQ","11-Sep-2018","        323.65","        326.00","        327.85","        314.60","        316.00","        316.60","        321.37","   28553718","          9176333805.00","     221735","    8985690","         31.47"
"YESBANK","EQ","12-Sep-2018","        316.60","        318.00","        319.95","        310.60","        314.00","        314.30","        314.77","   26121445","          8222260588.30","     200641","    6699052","         25.65"
"YESBANK","EQ","14-Sep-2018","        314.30","        318.50","        328.50","        316.70","        322.40","        323.10","        324.08","   36624891","         11869215488.55","     256299","   13502445","         36.87"
"YESBANK","EQ","17-Sep-2018","        323.10","        317.50","        321.85","        315.95","        317.50","        318.60","        319.03","   18554055","          5919221302.95","     138363","    3127415","         16.86"
"YESBANK","EQ","18-Sep-2018","        318.60","        319.35","        328.95","        319.10","        324.60","        323.55","        325.02","   30243505","          9829705223.85","     224102","    9940069","         32.87"
"YESBANK","EQ","19-Sep-2018","        323.55","        326.00","        328.75","        318.05","        318.60","        319.20","        322.56","   16185496","          5220812878.40","     138437","    3794363","         23.44"
"YESBANK","EQ","21-Sep-2018","        319.20","        287.30","        287.30","        218.10","        225.15","        226.50","        245.70","  293552756","         72127234027.15","    1788274","  115740552","         39.43"
"YESBANK","EQ","24-Sep-2018","        226.50","        236.50","        237.50","        215.85","        225.75","        226.40","        227.37","  105701372","         24033794384.25","     685460","   37314423","         35.30"
"YESBANK","EQ","25-Sep-2018","        226.40","        230.00","        238.85","        197.25","        220.50","        219.70","        223.09","  110217421","         24588772625.05","     832786","   27576218","         25.02"
"YESBANK","EQ","26-Sep-2018","        219.70","        223.00","        229.80","        217.00","        223.70","        223.75","        224.65","   62814786","         14111350860.35","     451242","   19163545","         30.51"
"YESBANK","EQ","27-Sep-2018","        223.75","        226.00","        227.00","        202.05","        203.60","        203.25","        210.00","   91197198","         19150976725.90","     647010","   33844085","         37.11"
"YESBANK","EQ","28-Sep-2018","        203.25","        203.60","        204.00","        165.00","        184.10","        183.65","        184.54","  148654874","         27432929748.90","     957046","   42234733","         28.41"
"YESBANK","EQ","01-Oct-2018","        183.65","        180.00","        203.80","        170.60","        199.85","        200.85","        190.13","  130992623","         24906273973.80","     742369","   39202955","         29.93"
"YESBANK","EQ","03-Oct-2018","        200.85","        205.00","        222.95","        202.25","        212.15","        212.75","        214.85","   97945695","         21043941602.20","     595714","   27041055","         27.61"
"YESBANK","EQ","04-Oct-2018","        212.75","        209.40","        220.00","        205.05","        214.30","        215.00","        214.30","   65604016","         14059052703.90","     425632","   14525270","         22.14"
"YESBANK","EQ","05-Oct-2018","        215.00","        215.00","        218.50","        203.10","        203.95","        206.00","        211.70","   40546788","          8583565105.80","     334113","    9679844","         23.87"
"YESBANK","EQ","08-Oct-2018","        206.00","        210.00","        226.60","        207.40","        221.75","        221.20","        217.70","   62349640","         13573279169.25","     445735","   14391304","         23.08"
"YESBANK","EQ","09-Oct-2018","        221.20","        225.50","        233.80","        222.60","        225.45","        224.65","        228.61","   49480210","         11311479371.40","     362570","   12184787","         24.63"
"YESBANK","EQ","10-Oct-2018","        224.65","        229.00","        237.00","        219.40","        234.85","        233.90","        230.05","   52351177","         12043211872.90","     376406","   14023559","         26.79"
"YESBANK","EQ","11-Oct-2018","        233.90","        222.00","        268.95","        216.65","        241.00","        240.20","        243.53","   94679663","         23057029949.25","     665099","   22853563","         24.14"
"YESBANK","EQ","12-Oct-2018","        240.20","        247.00","        254.40","        244.50","        245.65","        246.45","        248.69","   43535321","         10826756895.50","     308158","   12549767","         28.83"
"YESBANK","EQ","15-Oct-2018","        246.45","        248.95","        250.60","        241.55","        246.35","        246.00","        246.14","   24694397","          6078336640.30","     190917","    6661505","         26.98"
"YESBANK","EQ","16-Oct-2018","        246.00","        247.00","        251.40","        245.60","        249.25","        248.90","        248.66","   18099074","          4500445413.65","     142759","    5699810","         31.49"
"YESBANK","EQ","17-Oct-2018","        248.90","        252.50","        254.85","        228.50","        233.00","        231.90","        237.20","   37767849","          8958572576.75","     325820","    9722941","         25.74"
"YESBANK","EQ","19-Oct-2018","        231.90","        225.00","        230.55","        213.00","        219.35","        217.90","        219.32","   50336402","         11039920621.20","     371039","   14983307","         29.77"
"YESBANK","EQ","22-Oct-2018","        217.90","        221.00","        222.35","        208.50","        213.10","        211.50","        212.81","   33633639","          7157469965.45","     276577","    7510000","         22.33"
"YESBANK","EQ","23-Oct-2018","        211.50","        209.00","        216.70","        206.50","        215.10","        213.20","        212.47","   28293781","          6011594104.75","     207533","    8388514","         29.65"
"YESBANK","EQ","24-Oct-2018","        213.20","        217.50","        220.00","        202.00","        204.35","        204.00","        208.49","   38009322","          7924414361.45","     289516","    9754171","         25.66"
"YESBANK","EQ","25-Oct-2018","        204.00","        202.60","        207.50","        195.00","        198.95","        198.35","        201.39","   59170164","         11916016396.80","     434892","   14777227","         24.97"
"YESBANK","EQ","26-Oct-2018","        198.35","        178.55","        191.65","        168.60","        181.20","        180.70","        185.13","   95760078","         17728004758.10","     573048","   34470584","         36.00"
"YESBANK","EQ","29-Oct-2018","        180.70","        185.00","        185.90","        174.75","        180.80","        181.30","        179.44","   52331613","          9390200473.30","     390848","   16321018","         31.19"
"YESBANK","EQ","30-Oct-2018","        181.30","        182.00","        189.90","        180.65","        182.60","        182.05","        184.67","   43428186","          8020083285.70","     298464","   14104066","         32.48"
"YESBANK","EQ","31-Oct-2018","        182.05","        185.00","        189.50","        179.65","        188.35","        188.10","        184.51","   53264490","          9828071686.70","     333341","   20742681","         38.94"
"YESBANK","EQ","01-Nov-2018","        188.10","        192.00","        205.75","        189.05","        205.60","        204.05","        199.88","   69202992","         13832375277.25","     463212","   15071598","         21.78"
"YESBANK","EQ","02-Nov-2018","        204.05","        212.75","        215.90","        207.65","        209.00","        209.10","        212.29","   51686587","         10972331018.00","     387175","   10692440","         20.69"
"YESBANK","EQ","05-Nov-2018","        209.10","        209.00","        212.35","        206.10","        210.80","        210.10","        209.41","   21134350","          4425803976.80","     152861","    3202374","         15.15"
"YESBANK","EQ","06-Nov-2018","        210.10","        212.25","        217.90","        211.00","        214.70","        214.45","        214.75","   26924066","          5781996721.65","     182161","    4621355","         17.16"
"YESBANK","EQ","07-Nov-2018","        214.45","        217.45","        218.00","        215.50","        215.80","        215.95","        216.24","    3962712","           856904643.00","      45649","    1401657","         35.37"
"YESBANK","EQ","09-Nov-2018","        215.95","        214.00","        229.40","        213.20","        227.55","        227.90","        223.71","   40754087","          9117074690.05","     316481","    9615898","         23.59"
"YESBANK","EQ","12-Nov-2018","        227.90","        230.00","        230.85","        221.10","        222.40","        223.05","        224.89","   29069172","          6537241558.05","     215991","    7184888","         24.72"
"YESBANK","EQ","13-Nov-2018","        223.05","        222.00","        226.85","        220.00","        225.20","        225.45","        224.11","   19014119","          4261300974.25","     153930","    3586558","         18.86"
"YESBANK","EQ","14-Nov-2018","        225.45","        226.90","        229.00","        221.00","        222.05","        222.40","        224.85","   19780790","          4447770416.85","     151351","    5042859","         25.49"
"YESBANK","EQ","15-Nov-2018","        222.40","        215.00","        217.95","        202.25","        205.90","        205.85","        207.43","   60944632","         12641444551.85","     451001","   15433021","         25.32"
"YESBANK","EQ","16-Nov-2018","        205.85","        201.75","        201.75","        187.80","        192.50","        191.00","        192.51","   88101871","         16960170237.65","     618873","   27993384","         31.77"
"YESBANK","EQ","19-Nov-2018","        191.00","        198.10","        205.95","        194.35","        205.95","        204.80","        202.04","   64329717","         12997495138.05","     460369","   12692403","         19.73"
"YESBANK","EQ","20-Nov-2018","        204.80","        198.00","        199.75","        191.00","        192.50","        192.10","        194.46","   77354754","         15042043360.40","     485357","   18642284","         24.10"
"YESBANK","EQ","21-Nov-2018","        192.10","        196.10","        200.80","        194.60","        198.40","        198.15","        197.98","   47627190","          9429019338.70","     268166","    9967650","         20.93"
"YESBANK","EQ","22-Nov-2018","        198.15","        200.00","        203.85","        194.65","        195.65","        195.55","        199.48","   44350629","          8847030430.95","     293570","    6929393","         15.62"
"YESBANK","EQ","26-Nov-2018","        195.55","        189.00","        191.95","        182.20","        191.70","        187.90","        185.95","   60418383","         11234608917.00","     438924","   11646229","         19.28"
"YESBANK","EQ","27-Nov-2018","        187.90","        193.00","        193.80","        180.35","        182.20","        182.65","        187.14","   70065939","         13111993598.55","     445480","   15984397","         22.81"
"YESBANK","EQ","28-Nov-2018","        182.65","        180.40","        181.00","        160.30","        162.00","        162.10","        169.54","  140720495","         23857832760.85","     960213","   43933224","         31.22"
"YESBANK","EQ","29-Nov-2018","        162.10","        157.05","        167.00","        146.75","        161.05","        160.45","        156.44","  292043464","         45687502348.00","    1451205","   48934386","         16.76"
"YESBANK","EQ","30-Nov-2018","        160.45","        164.00","        171.35","        160.45","        170.50","        169.80","        168.47","  120153166","         20241971291.80","     654978","   18512047","         15.41"
"YESBANK","EQ","03-Dec-2018","        169.80","        174.00","        179.50","        165.30","        178.15","        178.00","        173.13","  104720593","         18130631913.10","     555222","   12443934","         11.88"
"YESBANK","EQ","04-Dec-2018","        178.00","        180.35","        182.45","        175.25","        175.95","        176.50","        178.80","   68038860","         12165680662.90","     376738","   13242239","         19.46"
"YESBANK","EQ","05-Dec-2018","        176.50","        173.50","        178.45","        172.20","        173.10","        173.40","        174.93","   52289539","          9147266048.85","     280967","    9360611","         17.90"
"YESBANK","EQ","06-Dec-2018","        173.40","        169.00","        172.50","        167.35","        168.35","        168.45","        169.78","   38867660","          6598951586.45","     246580","    5607714","         14.43"
"YESBANK","EQ","07-Dec-2018","        168.45","        170.00","        172.00","        162.00","        166.40","        166.20","        166.32","   49750931","          8274492924.65","     269924","    5909458","         11.88"
"YESBANK","EQ","10-Dec-2018","        166.20","        162.00","        169.50","        160.00","        164.95","        165.65","        164.78","   50379613","          8301577357.45","     300127","    6043257","         12.00"
"YESBANK","EQ","11-Dec-2018","        165.65","        164.50","        179.85","        163.80","        179.05","        177.85","        173.81","   85103084","         14791717219.30","     439447","   12088509","         14.20"
"YESBANK","EQ","12-Dec-2018","        177.85","        182.00","        187.50","        181.55","        186.50","        186.60","        185.28","   71832334","         13308892725.65","     366696","   11824873","         16.46"
"YESBANK","EQ","13-Dec-2018","        186.60","        193.00","        193.20","        172.30","        174.80","        174.70","        184.21","  108920029","         20064265037.05","     584444","   19467602","         17.87"
"YESBANK","EQ","14-Dec-2018","        174.70","        172.70","        181.60","        168.25","        179.70","        180.35","        176.70","   79566067","         14058969420.95","     430845","    7088937","          8.91"
"YESBANK","EQ","17-Dec-2018","        180.35","        183.25","        184.45","        179.45","        180.50","        181.00","        181.93","   35269769","          6416710452.45","     195137","    6800660","         19.28"
"YESBANK","EQ","18-Dec-2018","        181.00","        180.00","        180.90","        176.75","        178.75","        179.00","        178.88","   35729865","          6391378059.05","     195583","    8836532","         24.73"
"YESBANK","EQ","19-Dec-2018","        179.00","        180.50","        183.15","        178.60","        179.15","        179.55","        180.60","   40247602","          7268780060.10","     242431","   10756088","         26.72"
"YESBANK","EQ","20-Dec-2018","        179.55","        179.00","        187.60","        178.00","        186.80","        186.75","        184.94","   61970822","         11461081957.60","     332868","   12786361","         20.63"
"YESBANK","EQ","21-Dec-2018","        186.75","        188.00","        188.45","        180.85","        183.15","        182.95","        184.05","   40864241","          7521192849.65","     215052","    7077053","         17.32"
"YESBANK","EQ","24-Dec-2018","        182.95","        184.00","        185.50","        181.25","        182.35","        182.30","        183.34","   32861722","          6024710111.70","     161745","    4825271","         14.68"
"YESBANK","EQ","26-Dec-2018","        182.30","        182.50","        182.65","        174.25","        179.50","        179.45","        177.77","   47421246","          8429891463.55","     269345","    6643820","         14.01"
"YESBANK","EQ","27-Dec-2018","        179.45","        183.00","        183.45","        177.05","        178.70","        178.10","        180.22","   44303877","          7984279618.40","     192334","    6193008","         13.98"
"YESBANK","EQ","28-Dec-2018","        178.10","        180.00","        183.30","        180.00","        181.65","        181.45","        181.96","   27142501","          4938726751.90","     142436","    5362595","         19.76"
"YESBANK","EQ","31-Dec-2018","        181.45","        183.20","        183.85","        181.00","        181.90","        181.80","        181.95","   18970865","          3451688489.90","     105371","    3729307","         19.66"
"YESBANK","EQ","01-Jan-2019","        181.80","        182.60","        185.90","        181.00","        184.40","        184.25","        184.04","   24160878","          4446548544.40","     128819","    4380315","         18.13"
"YESBANK","EQ","02-Jan-2019","        184.25","        183.45","        187.00","        182.50","        184.60","        184.65","        185.20","   32583205","          6034297945.05","     158991","    5290399","         16.24"
"YESBANK","EQ","03-Jan-2019","        184.65","        185.25","        186.00","        183.50","        184.30","        184.10","        184.53","   20239949","          3734965517.05","     102751","    4112556","         20.32"
"YESBANK","EQ","04-Jan-2019","        184.10","        184.85","        190.30","        181.55","        190.00","        189.65","        186.71","   45914917","          8572595367.90","     224066","    9056039","         19.72"
"YESBANK","EQ","07-Jan-2019","        189.65","        193.90","        194.40","        185.80","        186.55","        187.15","        190.49","   40515242","          7717769611.75","     215186","   11491836","         28.36"
"YESBANK","EQ","08-Jan-2019","        187.15","        188.00","        193.20","        185.00","        191.80","        192.35","        190.14","   40559174","          7711815846.35","     233064","    6089483","         15.01"
"YESBANK","EQ","09-Jan-2019","        192.35","        193.95","        193.95","        181.50","        186.55","        186.45","        188.64","   63673200","         12011060866.75","     352457","   11568064","         18.17"
"YESBANK","EQ","10-Jan-2019","        186.45","        188.00","        188.90","        184.20","        187.90","        186.90","        186.41","   36296992","          6766271330.10","     204708","    8054505","         22.19"
"YESBANK","EQ","11-Jan-2019","        186.90","        188.70","        189.90","        182.75","        183.40","        184.25","        185.63","   33594786","          6236324874.20","     164656","    7673220","         22.84"
"YESBANK","EQ","14-Jan-2019","        184.25","        185.00","        198.00","        182.30","        195.00","        195.35","        192.96","   98089778","         18927093181.20","     489797","   19400487","         19.78"
"YESBANK","EQ","15-Jan-2019","        195.35","        196.60","        205.00","        196.10","        203.30","        203.00","        202.35","   82308056","         16654713564.45","     419455","   14755006","         17.93"
"YESBANK","EQ","16-Jan-2019","        203.00","        204.80","        209.15","        203.50","        207.80","        208.35","        206.07","   58015710","         11955441178.90","     266651","   10342408","         17.83"
"YESBANK","EQ","17-Jan-2019","        208.35","        209.25","        209.55","        200.25","        200.65","        201.50","        203.80","   60534702","         12337127690.70","     293680","   13636139","         22.53"
"YESBANK","EQ","18-Jan-2019","        201.50","        202.00","        203.05","        196.20","        198.95","        198.60","        199.21","   41858021","          8338654433.60","     235546","    5482465","         13.10"
"YESBANK","EQ","21-Jan-2019","        198.60","        199.30","        200.50","        190.70","        191.20","        191.95","        195.77","   37304992","          7303212661.80","     206900","    7573007","         20.30"
"YESBANK","EQ","22-Jan-2019","        191.95","        191.50","        193.80","        187.40","        193.55","        192.20","        191.09","   38382360","          7334418921.70","     235809","    7094311","         18.48"
"YESBANK","EQ","23-Jan-2019","        192.20","        194.50","        199.50","        193.65","        197.25","        197.25","        196.73","   46394304","          9126954064.90","     243281","    8033285","         17.32"
"YESBANK","EQ","24-Jan-2019","        197.25","        199.00","        235.00","        189.00","        225.50","        215.40","        210.47","  127603904","         26856567120.00","     604076","   28175530","         22.08"
"YESBANK","EQ","25-Jan-2019","        215.40","        225.00","        245.00","        218.00","        219.95","        219.60","        227.75","  183425643","         41774766072.75","     955891","   36712058","         20.01"
"YESBANK","EQ","28-Jan-2019","        219.60","        222.45","        223.00","        206.10","        208.00","        207.50","        211.86","   58015753","         12291018719.45","     331260","    9240415","         15.93"
"YESBANK","EQ","29-Jan-2019","        207.50","        207.00","        209.45","        195.70","        205.50","        202.90","        202.44","   76651017","         15517133462.50","     396905","   10859017","         14.17"
"YESBANK","EQ","30-Jan-2019","        202.90","        211.00","        212.00","        198.30","        199.35","        199.50","        203.09","   65312137","         13264028321.45","     381216","   11135037","         17.05"
"YESBANK","EQ","31-Jan-2019","        199.50","        202.00","        202.45","        190.15","        194.00","        194.10","        195.15","   67794993","         13230334262.45","     371602","   13785148","         20.33"
"YESBANK","EQ","01-Feb-2019","        194.10","        195.90","        197.20","        181.25","        185.30","        185.60","        190.00","   66597684","         12653480304.60","     411460","   17458912","         26.22"
"YESBANK","EQ","04-Feb-2019","        185.60","        184.25","        184.70","        175.60","        179.40","        179.80","        180.41","   60771732","         10963806269.10","     365522","   13350973","         21.97"
"YESBANK","EQ","05-Feb-2019","        179.80","        179.80","        183.50","        175.00","        175.85","        176.10","        179.63","   44477885","          7989423837.75","     291755","    9084094","         20.42"
"YESBANK","EQ","06-Feb-2019","        176.10","        178.90","        178.95","        173.00","        177.10","        176.45","        175.86","   45391450","          7982416064.10","     273502","    8729205","         19.23"
"YESBANK","EQ","07-Feb-2019","        176.45","        177.10","        181.80","        175.25","        177.05","        176.95","        178.98","   44494971","          7963525933.40","     241749","    8443866","         18.98"
"YESBANK","EQ","08-Feb-2019","        176.95","        177.00","        178.50","        173.25","        175.10","        175.10","        175.96","   32561739","          5729414776.35","     178704","    5611958","         17.23"
"YESBANK","EQ","11-Feb-2019","        175.10","        175.10","        176.00","        170.10","        173.00","        173.25","        172.91","   29509227","          5102339820.70","     175983","    4633586","         15.70"
"YESBANK","EQ","12-Feb-2019","        173.25","        173.00","        176.25","        172.10","        172.65","        172.65","        174.42","   22298518","          3889327345.40","     150872","    4033079","         18.09"
"YESBANK","EQ","13-Feb-2019","        172.65","        173.95","        174.70","        168.10","        168.70","        169.45","        171.11","   26229114","          4488141709.75","     171541","    6259211","         23.86"
"YESBANK","EQ","14-Feb-2019","        169.45","        186.35","        224.00","        186.35","        222.60","        221.25","        211.14","  264725005","         55893855220.15","    1276162","   60889373","         23.00"
"YESBANK","EQ","15-Feb-2019","        221.25","        226.90","        226.90","        211.30","        217.45","        219.00","        218.86","  141193124","         30900928345.50","     713092","   14034481","          9.94"
"YESBANK","EQ","18-Feb-2019","        219.00","        201.00","        216.70","        201.00","        214.00","        213.55","        212.11","   89969426","         19083708450.35","     484527","   13843994","         15.39"
"YESBANK","EQ","19-Feb-2019","        213.55","        215.10","        218.10","        211.55","        213.50","        212.85","        214.18","   33990276","          7279944307.00","     177252","    4900089","         14.42"
"YESBANK","EQ","20-Feb-2019","        212.85","        216.90","        219.80","        213.35","        216.95","        217.85","        216.38","   48429455","         10479353481.45","     229446","   12764925","         26.36"
"YESBANK","EQ","21-Feb-2019","        217.85","        218.85","        218.85","        214.00","        215.50","        215.15","        215.42","   27975632","          6026410218.15","     151900","    6695073","         23.93"
"YESBANK","EQ","22-Feb-2019","        215.15","        214.50","        223.70","        213.10","        221.30","        222.00","        220.47","   51329944","         11316616538.60","     266455","    8584689","         16.72"
"YESBANK","EQ","25-Feb-2019","        222.00","        223.85","        230.60","        221.20","        227.80","        229.10","        226.00","   47825222","         10808707381.50","     277705","    8133486","         17.01"
"YESBANK","EQ","26-Feb-2019","        229.10","        223.20","        234.45","        220.10","        230.55","        229.50","        227.75","   84298892","         19198841396.20","     409115","   15095137","         17.91"
"YESBANK","EQ","27-Feb-2019","        229.50","        233.00","        236.80","        223.65","        227.60","        228.20","        230.59","   74650022","         17213855464.50","     375158","   11702655","         15.68"
"YESBANK","EQ","28-Feb-2019","        228.20","        230.00","        232.75","        226.80","        232.20","        231.15","        230.31","   45753501","         10537678830.65","     222394","   11471503","         25.07"
"YESBANK","EQ","01-Mar-2019","        231.15","        234.90","        238.50","        234.10","        236.90","        237.60","        236.50","   42006406","          9934369733.35","     242688","    9324717","         22.20"
